date,torque_pct,water_temp_c,days_since_clean,actual_speed_knots
2024-01-01,79.36350297118406,17.776993932579295,0,19.75307748412036
2024-01-02,93.7678576602479,23.12851421067537,1,23.336147865447312
2024-01-03,88.29984854528513,28.094187538146123,2,21.97285188505053
2024-01-04,84.96646210492591,25.98337329614342,3,21.14333850881025
2024-01-05,73.90046601106091,27.098417217921746,4,18.34968762764518
2024-01-06,73.89986300840506,24.88175050066076,5,18.116461429439898
2024-01-07,71.45209030420499,25.384148467767787,6,17.6392221651407
2024-01-08,91.65440364437337,27.73793477347979,7,22.372774809936978
2024-01-09,85.02787529358022,18.745020132887788,8,20.830680706778026
2024-01-10,87.70181444490115,22.34137445464711,9,21.247515333035032
2024-01-11,70.51461235739507,18.318141627294033,10,16.806958562883548
2024-01-12,94.24774630404985,29.815020119949708,11,22.562603532246097
2024-01-13,90.81106602001054,29.160890095299198,12,21.564255456976113
2024-01-14,75.3084777669569,15.591402170527589,13,18.068183886258574
2024-01-15,74.54562418017751,25.58362758773533,14,17.302952748749135
2024-01-16,74.58511274633585,28.878724761234988,15,17.020169807454813
2024-01-17,77.60605607398844,17.708630176910003,16,18.111907101486217
2024-01-18,83.11891079080594,23.519178458289442,17,19.078297460775115
2024-01-19,80.7986254660529,28.73232446382063,18,18.084866115972478
2024-01-20,77.28072850495104,15.509189678786983,19,17.91029636430614
2024-01-21,85.29632236805949,25.461304008702598,20,19.07610812286166
2024-01-22,73.48734651630105,19.46023511058826,21,16.363440439458852
2024-01-23,77.30361621338045,28.865942930647954,22,16.39389503141882
2024-01-24,79.15904608234229,29.565873677480518,23,16.524959545430736
2024-01-25,81.40174960542589,29.16399733670151,24,16.75995242769522
2024-01-26,89.62939903482534,22.113213249861957,25,19.75967203791931
2024-01-27,74.991844553959,27.930639764839704,26,14.97161117392069
2024-01-28,82.8558609603403,27.668240978026056,27,16.751193266853605
2024-01-29,84.81036422155105,19.786507098648833,28,18.291038057643075
2024-01-30,71.16126031799995,27.43373211226016,29,13.620858922163182
2024-01-31,85.18862129753596,15.555114520732388,30,18.639607010211762
2024-02-01,74.26310309218229,23.944048177230798,31,14.439184395595175
2024-02-02,71.62628982463198,18.450132559315545,32,14.609623361491474
2024-02-03,93.72213843133333,16.80850328665918,33,20.313447664442766
2024-02-04,94.14080082686398,16.154298024438138,34,20.350216583276946
2024-02-05,90.20993370291153,25.444331638172095,35,17.247206281852034
2024-02-06,77.61534422933427,20.098124456520992,36,14.979882152660162
2024-02-07,72.4418028501596,25.87150157293142,37,12.296367687140526
2024-02-08,87.10582566280392,15.980345111984136,38,17.92588291363993
2024-02-09,81.00381234349004,19.729355067459153,39,15.153636504190075
2024-02-10,73.05095587111947,23.092369385630057,40,12.464436241912905
2024-02-11,82.37942275278175,26.860847472584453,41,13.633522089226668
2024-02-12,70.85971302788046,19.781287543981048,42,12.094344412782098
2024-02-13,92.73301005196956,24.38837064655514,43,16.205494069946297
2024-02-14,76.46949954000043,28.28966622354281,44,10.922583980007017
2024-02-15,86.56305710884955,24.23794782273457,45,14.529824463675343
2024-02-16,77.79277690223527,18.494392121304507,46,13.680260366942393
2024-02-17,83.00170052944527,15.36601172334807,47,15.72645359707199
2024-02-18,83.667756983582,28.05148310851395,48,11.570023559236605
2024-02-19,74.62136138813818,15.319041162755807,49,13.538396870124123
2024-02-20,94.23961569411397,28.12052509026299,50,13.553200514690332
2024-02-21,89.37832058402786,22.934057010408182,51,13.911782682828415
2024-02-22,93.48747353910473,29.086015477693444,52,12.416997531366633
2024-02-23,92.37068376069122,26.981748536604982,53,12.586543078721775
2024-02-24,84.94749947027712,29.969011658000063,54,9.356918460634216
2024-02-25,93.04685587557792,20.260677231775652,55,15.160035603880889
2024-02-26,72.21231255129798,26.5078243339669,56,6.97686803176885
2024-02-27,74.89957156047863,21.028963704138633,57,9.650041464147847
2024-02-28,71.13068222276345,22.198134304558632,58,7.948244083052574
2024-02-29,78.13325826908161,24.41258194827555,59,8.313516084837785
2024-03-01,79.71693224223705,28.10515671279508,60,6.955447571329387
2024-03-02,76.7837257943474,29.76125203798943,61,5.009136374744296
2024-03-03,90.71843772879824,26.524101207967774,62,9.712800571557782
2024-03-04,78.91883316733973,21.266501732510008,63,9.414768703756273
2024-03-05,77.02336274218452,21.32035503415605,64,8.369694198894798
2024-03-06,83.5674020789562,26.06373452383337,65,7.158055949795352
2024-03-07,73.52310562436907,18.581657186524534,66,8.374906270534776
2024-03-08,90.054924518851,16.65711169697092,67,13.493505228819702
2024-03-09,71.86376609199426,20.319332364611647,68,6.583358076992105
2024-03-10,94.67217341501294,19.308584874811224,69,12.457364076181769
2024-03-11,89.30611923241644,19.44462180683985,70,11.030476243762644
2024-03-12,74.96789203835431,18.50411626574865,71,7.604948290676525
2024-03-13,70.13805292809006,15.631397844545429,72,8.171992762822601
2024-03-14,90.38653571137085,15.268109021001207,73,13.18173174628158
2024-03-15,87.67143359619043,29.81583584604047,74,2.8931978733089303
2024-03-16,88.22517920102469,21.416597006037936,75,8.27390863404773
2024-03-17,89.28175866714864,20.764899707395223,76,8.569386109451353
2024-03-18,71.85111629335226,25.194709240396048,77,1.0246903630418478
2024-03-19,78.96164321360682,18.273808317975963,78,7.200471480975993
2024-03-20,72.89672648812824,29.24941775925338,79,-2.398440462831685
2024-03-21,91.57758564688984,26.795175216233282,80,3.656974787685835
2024-03-22,85.58245317068895,16.341165034683893,81,9.585900064145797
2024-03-23,78.27245062131622,21.263711636773927,82,3.745445058461257
2024-03-24,71.58895875715059,28.18677461343247,83,-3.4570054048934944
2024-03-25,77.77455804289156,29.170980334371155,84,-3.1098146275704868
2024-03-26,78.12958305066867,22.011022668748048,85,2.32556949540116
2024-03-27,88.2401544584516,24.201170838160614,86,2.965102513759306
2024-03-28,85.93893678388032,17.50550919138113,87,7.172575686699895
2024-03-29,92.18031856440817,29.86752939205465,88,-1.6085373931076214
2024-03-30,81.80537312904873,18.475075520751652,89,5.080442602831545
2024-03-31,72.98985614845755,29.140976612026883,90,-6.641502122649681
2024-04-01,87.83111968057487,24.74469973488553,91,0.5225225147657758
2024-04-02,89.01962621542243,24.116051923182887,92,0.8678671473283065
2024-04-03,84.0319299392374,22.69032766524763,93,0.7007767985086458
2024-04-04,89.27417949886403,18.46004717576638,94,5.476011462362991
2024-04-05,82.34488990910977,17.647920480082625,95,4.3437835812192045
2024-04-06,83.06832073454986,18.30729313605263,96,3.6659045149177936
2024-04-07,80.68852545896374,17.796573932163817,97,3.4293229052906153
2024-04-08,70.63547816860238,26.6937671035013,98,-8.180138743987863
2024-04-09,72.69728567483261,20.25187888750095,99,-1.741960369793186
2024-04-10,70.78572964216836,15.867640148450946,100,1.8482306922488787
2024-04-11,85.9102602815945,29.53653945211217,101,-8.538444883860246
2024-04-12,77.85889952690816,28.256788274451385,102,-9.610143151374276
2024-04-13,82.71426727911756,28.916284247928196,103,-9.578201350888083
2024-04-14,92.68916184815232,29.923617339696527,104,-8.547734056673326
2024-04-15,76.23230572872187,17.60842873829231,105,0.24440243928637465
2024-04-16,80.25957307589074,20.943630283539882,106,-2.892315335698815
2024-04-17,88.88877846357622,26.37357713556137,107,-6.854530669387367
2024-04-18,75.71995413729056,25.440309270806885,108,-9.491712483755757
2024-04-19,71.92449774571982,17.308438595097826,109,-1.7275714657283052
2024-04-20,77.2437863228442,27.237496874859268,110,-12.324859405984986
2024-04-21,74.03053218135011,18.36660857754991,111,-3.0321185265556707
2024-04-22,93.24244130856432,18.357264222339346,112,1.6815071458487751
2024-04-23,90.20300948911043,23.054616343401204,113,-5.1448889066844234
2024-04-24,85.83509391276058,23.894099022625547,114,-7.724741558044136
2024-04-25,91.78651475469294,23.701293117567168,115,-6.3331748555443586
2024-04-26,90.09180192247786,16.37230256096632,116,2.152141448636762
2024-04-27,74.6642514721509,28.161912939455704,117,-16.919530387686617
2024-04-28,92.31397496224945,18.98400063883059,118,-1.2792452199163293
2024-04-29,83.48355604789127,16.94272381924206,119,-1.1597657224539117
2024-04-30,90.18600387910156,28.331221198034658,120,-14.735032281526077
2024-05-01,92.40228249808733,29.3347724734463,121,-16.036252556085046
2024-05-02,77.9500868742966,27.93191425898176,122,-17.990146093250946
2024-05-03,72.75129811319192,27.142741120873172,123,-18.870797556686018
2024-05-04,75.69837906354854,24.828629709585325,124,-15.23719938141342
2024-05-05,80.6776947156564,23.26286055913709,125,-12.189280691724463
2024-05-06,90.45036914806232,16.304801398671152,126,-0.3482152874067874
2024-05-07,91.51826458140859,21.12679819606048,127,-7.400635254292354
2024-05-08,70.17380326327977,20.59032775518471,128,-12.234155838597925
2024-05-09,82.76868256443915,18.896306756404893,129,-6.996330608616764
2024-05-10,80.43527507871947,25.851301705328773,130,-18.299076001004238
2024-05-11,75.55269526176825,22.43813602618156,131,-14.722313131930482
2024-05-12,72.99663418334207,16.21569323861472,132,-6.460890769174527
2024-05-13,78.4403792850907,18.30274802924717,133,-8.34445635101798
2024-05-14,93.57274259781298,25.24888145489394,134,-15.81838519604136
2024-05-15,78.08007330051888,16.141962892354503,135,-5.77947485944377
2024-05-16,82.96976554358415,27.76810371073153,136,-23.26996755690078
2024-05-17,87.57547397237944,22.427197905209617,137,-14.095018124950926
2024-05-18,79.09074005948236,22.20879865989972,138,-16.17206060767687
2024-05-19,94.29455206802402,23.886116769892766,139,-15.61808206959618
2024-05-20,94.06118237355278,27.370214488877238,140,-21.736399003955185
2024-05-21,76.2945573956341,20.217138118532894,141,-14.910153798806029
2024-05-22,82.43121264730964,25.170242288385953,142,-21.970762433707407
2024-05-23,77.52195774541924,23.485979459936864,143,-20.58737732877333
2024-05-24,77.12101235943669,19.005424052541322,144,-13.661152805392787
2024-05-25,70.92217368386332,28.179449795327372,145,-31.539430009957403
2024-05-26,85.23910834949743,26.961390324103924,146,-26.202087072193383
2024-05-27,82.56697558072153,24.876777519876384,147,-23.67768795483622
2024-05-28,71.28696878124974,27.75872593641363,148,-32.12271724715113
2024-05-29,76.96616160591529,28.009413014397033,149,-31.65241108642603
2024-05-30,92.70664714916634,25.62544465072552,150,-23.836813935509902
2024-05-31,75.9890472666743,27.55519992545508,151,-32.02096699640901
2024-06-01,73.62237180228058,25.462071925039254,152,-29.268886010408824
2024-06-02,82.23631900693907,25.202111576404505,153,-27.16018033404296
2024-06-03,94.64126135276501,24.279170673227764,154,-22.672101296999053
2024-06-04,76.0513817877875,26.290749593364616,155,-31.531331242517748
2024-06-05,86.80338868514696,17.379076579396106,156,-12.174493320481957
2024-06-06,89.04049038321794,28.213061387983927,157,-33.33818774905574
2024-06-07,75.94093859981,28.07765291617848,158,-36.66709596049802
2024-06-08,88.20540871529649,15.438709245518387,159,-8.913965828116215
2024-06-09,79.19457831798132,27.38725125847144,160,-35.84652178507892
2024-06-10,85.80764576483949,16.93304801210168,161,-13.05520951540587
2024-06-11,85.83824276902237,20.026782813887127,162,-19.887663715113
2024-06-12,83.39436710186897,26.152623844374116,163,-33.58524052249824
2024-06-13,72.2572442513602,17.411398440724625,164,-18.470340839299674
2024-06-14,90.88256238973095,27.26950536178593,165,-35.05702731634321
2024-06-15,78.0195016242934,27.482012669366128,166,-39.20161950945592
2024-06-16,74.66296275999636,22.612016006412542,167,-30.177152736751953
2024-06-17,71.01937853886909,15.095788075752504,168,-15.065359206240418
2024-06-18,84.77232357970604,19.30557199762369,169,-21.247215451611133
2024-06-19,86.93910904605706,24.253903775636132,170,-31.95081835248841
2024-06-20,70.4146957231964,29.717792670411352,171,-48.78719597448842
2024-06-21,82.80232645748202,24.477202905250024,172,-34.60762939036087
2024-06-22,75.66239437994845,18.897053715962397,173,-23.975288010920696
2024-06-23,86.12931976023624,24.51008554649417,174,-34.77724702875936
2024-06-24,74.35916072512478,23.099780695737834,175,-34.80614471731198
2024-06-25,87.27344345256165,26.697680927267154,176,-40.48142845301389
2024-06-26,79.66838365751343,16.604709582404375,177,-19.00038455530541
2024-06-27,93.41824971841837,26.41541853753042,178,-39.39954813153526
2024-06-28,73.43802360364982,23.118998680141654,179,-37.042116530518335
2024-06-29,78.52665877625647,29.44488005788492,180,-51.47829093718398
2024-06-30,72.83683803101472,20.12808249058029,181,-30.835121956162272
2024-07-01,93.11734045696407,24.489328397009224,182,-36.76966735126684
2024-07-02,91.93348383452452,28.980421582650262,183,-48.921557515402185
2024-07-03,76.4485406928789,16.53764591986019,184,-22.26950108100325
2024-07-04,86.49960115085447,29.05842730854677,185,-51.600788286919126
2024-07-05,90.4305550050304,25.318285834512203,186,-41.52227162846296
2024-07-06,83.88002028998656,16.01755588657758,187,-19.818811905980507
2024-07-07,83.24126445890016,19.514453504202244,188,-29.503045512717748
2024-07-08,76.04630727251129,25.622581329679225,189,-47.58098161160879
2024-07-09,72.32756919514748,16.010259022031576,190,-23.841478754624173
2024-07-10,92.43039394883317,23.7325569026441,191,-39.42239191004224
2024-07-11,92.51045142908326,20.18824585429435,192,-30.674538190414466
2024-07-12,85.8275364318317,24.313732766512157,193,-43.71027292598016
2024-07-13,78.47574477621751,15.686130507187693,194,-22.66915219948187
2024-07-14,78.73023936531652,28.073052092285643,195,-56.71100418636867
2024-07-15,88.14889197175599,29.60233453766095,196,-59.17262481674279
2024-07-16,92.42775649881443,29.53316782928537,197,-58.45295570961689
2024-07-17,92.17716060662794,26.24477747614387,198,-50.34679030261848
2024-07-18,89.4968886464406,16.95129360195948,199,-25.144347554408508
2024-07-19,86.05079115385719,26.373947938935338,0,21.447290220151555
2024-07-20,72.10349912487622,15.368803746882023,1,17.82744268778653
2024-07-21,74.04071785236535,15.331853272934959,2,18.517934693374038
2024-07-22,92.46385471317699,19.85415328724312,3,23.150164326106246
2024-07-23,85.16072649148975,22.329647856069986,4,21.09779958856111
2024-07-24,70.22992629041575,26.556111267116897,5,17.355862677267623
2024-07-25,72.5367885716508,25.249430649097576,6,17.924335640395086
2024-07-26,86.5875442277014,21.688540595651226,7,21.3767001092716
2024-07-27,70.12653959615547,19.104399994224988,8,17.26334812681067
2024-07-28,74.02020128543747,29.956867502365668,9,17.770427647902682
2024-07-29,83.71834473416465,21.392719533539594,10,20.26063235671972
2024-07-30,87.29737994231733,21.770805364945133,11,20.869886883816445
2024-07-31,86.29903148756502,17.454357317875036,12,20.82458761456575
2024-08-01,75.60673273651399,26.92214323124894,13,17.555459342343376
2024-08-02,87.8044805336884,25.40523338672233,14,20.837406896873848
2024-08-03,75.93122718742,18.311544191831405,15,17.901413630137203
2024-08-04,78.1349924539817,16.23571568423764,16,18.50698279038266
2024-08-05,88.66228512795061,25.207489531120697,17,20.453856407402846
2024-08-06,86.24082247618037,24.81766821421703,18,19.66930178303118
2024-08-07,91.23058526235445,19.09889290497314,19,21.395398681612296
2024-08-08,86.44032230750858,29.262953433756156,20,18.930457516692112
2024-08-09,84.20771508338679,17.265868376713502,21,19.409824392086307
2024-08-10,72.34186919570232,21.48502201563903,22,15.794199151385028
2024-08-11,79.19289507648584,29.154238802513984,23,16.45038871579187
2024-08-12,76.63005919204313,21.295909753891834,24,16.59246048866133
2024-08-13,76.09974108447709,24.57788921496128,25,15.94899543954427
2024-08-14,94.32526386881113,20.963915969441913,26,20.75910491290396
2024-08-15,79.827443116669,19.11322803523005,27,17.206107034832733
2024-08-16,92.30116387942783,29.759664719397424,28,18.525405594391223
2024-08-17,85.77846564993158,21.140010094725646,29,18.134875142067067
2024-08-18,89.87028258854122,28.411488055187014,30,17.64861473969785
2024-08-19,82.56592732762981,18.449319088366295,31,17.53312212677716
2024-08-20,84.42259711565897,18.19657056037625,32,17.819962134187318
2024-08-21,82.3129423454716,15.46701124326767,33,17.500390340046653
2024-08-22,74.88107469495111,24.775002380638277,34,13.777644965442684
2024-08-23,88.06130288153763,20.527895155856417,35,17.689546786585076
2024-08-24,77.01930906102139,27.965373747594555,36,13.246223986816842
2024-08-25,70.60789916078635,22.098148600373356,37,12.812561593872317
2024-08-26,86.13680739767919,29.522901418720828,38,14.43101189972948
2024-08-27,74.42776698517622,17.782882735546817,39,14.287335737728307
2024-08-28,93.51146460882286,28.02934751933416,40,16.270926513490142
2024-08-29,93.84821442506468,26.648952791876127,41,16.533088837432718
2024-08-30,92.87160975551122,26.563827669660782,42,16.008784380162506
2024-08-31,79.2539675063861,27.671748421753314,43,11.935696010591919
2024-09-01,70.38641541322168,26.415359864144982,44,9.855032771039516
2024-09-02,93.20796406469313,24.39330482447123,45,15.858801579735117
2024-09-03,80.70460370793286,16.968673165235813,46,14.989743164851202
2024-09-04,94.16637047609174,15.487892692368778,47,18.553280572903212
2024-09-05,94.09049942723132,28.8127177172353,48,14.130966455227963
2024-09-06,91.325236386684,24.249754717811072,49,14.507577147080339
2024-09-07,77.36122230173964,26.948059364642646,50,9.741887140465634
2024-09-08,79.62744321504813,22.22283527268825,51,11.661647197961516
2024-09-09,91.27841678792143,16.759622834435916,52,16.354811562707198
2024-09-10,77.92305012890694,16.877786883038258,53,12.810125348518264
2024-09-11,74.23731866715231,25.283479308434572,54,8.553119368972471
2024-09-12,83.92003156145876,21.45458842349194,55,12.279748651271825
2024-09-13,93.40386935401952,18.00787090050505,56,15.646368552707688
2024-09-14,87.40074491687432,22.373918201121555,57,12.311285509680957
2024-09-15,84.25152925223412,15.96313405612701,58,13.963423000152952
2024-09-16,72.42941234426921,23.72957102871598,59,7.368085064513753
2024-09-17,85.37518066747924,19.034901066526466,60,12.658394650411818
2024-09-18,94.75134625260658,26.96338650955782,61,10.931482869133387
2024-09-19,73.5021003809131,19.65542938385361,62,8.753117674833817
2024-09-20,82.95824130909342,21.828302236227017,63,9.735264104627404
2024-09-21,91.93432679819888,15.174308098621509,64,14.999154412922577
2024-09-22,88.5192154438551,16.08670331691838,65,13.627703879048195
2024-09-23,87.4253935248817,20.88740334610027,66,10.635690938186197
2024-09-24,87.56210209967773,22.199082520756853,67,9.617417022036058
2024-09-25,78.98727878049388,24.000308221789556,68,6.27570440338295
2024-09-26,77.33979610661234,19.37493868063955,69,8.23775158383389
2024-09-27,90.23402888696285,25.424728291898138,70,7.645723930435095
2024-09-28,90.25283486697953,27.901835957838067,71,5.805749999021312
2024-09-29,91.67680796450259,26.69776483340025,72,6.625328097747327
2024-09-30,92.83101381391178,15.594282380225357,73,13.525602202895408
2024-10-01,82.78355997152345,22.207604208867433,74,6.4501095094613135
2024-10-02,82.53790736718,16.573952676272622,75,10.010472035689745
2024-10-03,89.95737947416939,18.63067523793791,76,10.135683002275185
2024-10-04,86.24909826944413,29.799938899007195,77,1.4291675305913165
2024-10-05,87.54917193144259,17.1374331435227,78,10.152524937056963
2024-10-06,89.89481673590252,22.483322301770343,79,6.709970755643103
2024-10-07,92.25013354543916,24.27233601477179,80,5.789977193192373
2024-10-08,78.44987892128839,25.53697455816156,81,1.024727693942502
2024-10-09,79.3895738159986,23.39473025230371,82,2.4145897202651296
2024-10-10,72.34954849602173,15.146562711287755,83,6.670221933242979
2024-10-11,84.45700352490435,19.896919623659876,84,5.681782694819249
2024-10-12,70.89855684491855,22.76567465077067,85,-0.10508252935161533
2024-10-13,81.6399504533115,16.3179974871725,86,7.392552649904831
2024-10-14,83.56611586768942,20.25940396813771,87,4.430576083754029
2024-10-15,77.16353130320711,15.498046631870498,88,6.484187412983615
2024-10-16,84.77083151422526,16.17867745732531,89,7.420511903217304
2024-10-17,70.76250624847624,20.95384914302394,90,-0.2549559693262303
2024-10-18,70.93370471873035,16.990736310645904,91,2.993312890622956
2024-10-19,90.56501401649146,23.51311272392337,92,1.9084925362047356
2024-10-20,79.00476603528158,25.341974537058988,93,-3.0797671440038896
2024-10-21,73.17651281629712,27.008800486636243,94,-6.194144413143307
2024-10-22,83.0560815013701,18.00225366367215,95,4.00829779124594
2024-10-23,89.24983882746527,17.512238733886047,96,5.937322552618518
2024-10-24,75.39552568742108,16.568517605016005,97,3.063046391841715
2024-10-25,85.57226189547501,24.54645374315455,98,-2.4853117222444587
2024-10-26,72.1336866248442,25.597135897303517,99,-7.003187611818604
2024-10-27,71.2920430292152,15.47379217238463,100,2.22985490174352
2024-10-28,83.2838657892037,29.043183693655347,101,-8.567036895360944
2024-10-29,83.51587804025266,15.779569254772086,102,4.723712305260162
2024-10-30,85.93574753745517,23.119445029516058,103,-2.7507094234597544
2024-10-31,88.15228334306654,25.635907791763746,104,-5.01202540263161
2024-11-01,94.39630198656337,28.064536856191282,105,-6.62140153547837
2024-11-02,82.90750870752989,25.71130398198642,106,-7.303945541737494
2024-11-03,78.07391182353115,27.025921246046877,107,-10.368228296147246
2024-11-04,89.87965486921759,20.09175288814209,108,-0.09387621320943394
2024-11-05,76.77080628155186,27.222376706197686,109,-11.705102884092701
2024-11-06,80.97428551764091,16.201722695770126,110,1.6311591206502927
2024-11-07,71.96140953355665,28.422249840907917,111,-15.4231159492323
2024-11-08,70.63376858538643,23.213885642306046,112,-9.726463260485122
2024-11-09,94.06621036694813,27.259466549437406,113,-9.39394438142723
2024-11-10,90.89950301280514,21.7847742677745,114,-3.688011936189325
2024-11-11,87.39935515234245,24.653665427947875,115,-8.441318101160789
2024-11-12,80.22382361035675,22.896039914041697,116,-8.658496761772202
2024-11-13,74.33235800177114,25.973842826329978,117,-14.32914969639518
2024-11-14,73.91092606677715,16.224449730458844,118,-2.4294699996277638
2024-11-15,76.25607245411489,15.905281259858457,119,-1.6047039790668058
2024-11-16,83.73066661765301,18.706548510152196,120,-3.688533394985358
2024-11-17,87.86489806750156,17.393170201697824,121,-1.1061189683574817
2024-11-18,86.50493441794328,28.076753498883026,122,-16.077116708362322
2024-11-19,76.99834742364857,18.288209810370667,123,-5.558449963280121
2024-11-20,93.87163201657985,29.63797883728697,124,-17.51259482293894
2024-11-21,88.44742291739422,20.053436876566604,125,-5.9345964820908925
2024-11-22,83.85885131278502,17.73176873533049,126,-4.282495902351897
2024-11-23,85.2930186558588,26.845477607137187,127,-17.17904469761894
2024-11-24,80.49000156069475,24.880616632513142,128,-15.811996059988
2024-11-25,76.19327473752894,22.472935746797084,129,-13.716532563979717
2024-11-26,78.89931696628153,23.330453264064467,130,-14.979657954160965
2024-11-27,88.94615276160923,25.78802667408396,131,-16.488334983491058
2024-11-28,70.3598372157439,18.426821119969482,132,-10.35814474301661
2024-11-29,72.90181601267291,29.94500874085113,133,-27.67710734529317
2024-11-30,71.15006605054381,29.62189743220175,134,-28.241809798486845
2024-12-01,71.01822005797425,24.754885295204055,135,-21.0325185677281
2024-12-02,91.38651460027518,17.993136763937176,136,-5.7382105395844105
2024-12-03,87.5914464845006,25.20342363646937,137,-18.51837952906551
2024-12-04,81.85434572718313,16.082976134687637,138,-5.554427483176983
2024-12-05,72.44585401627504,15.459787533087091,139,-7.2231750289797345
2024-12-06,82.29039687792081,18.865243327668203,140,-10.721359072712831
2024-12-07,81.83679426951414,21.939344351089744,141,-16.28441689162696
2024-12-08,74.33004674775037,28.024087581125706,142,-28.846591958546046
2024-12-09,80.84629123094933,25.90753604649462,143,-24.128125484756062
2024-12-10,79.96261835993434,26.140597817999716,144,-25.206178045786633
2024-12-11,85.39625245130541,21.382400016721128,145,-15.825410027946198
2024-12-12,85.8773412716911,20.189024888204443,146,-14.090530456671123
2024-12-13,71.13260024430112,20.56558144476904,147,-18.90002824679991
2024-12-14,79.36531536566179,29.814743456040866,148,-33.77035300421187
2024-12-15,85.6464978928559,15.601637871187236,149,-6.9976542710680665
2024-12-16,82.5784064645022,28.00547244183673,150,-30.687424036172814
2024-12-17,91.41224602970806,23.6801311285859,151,-21.048909040453037
2024-12-18,86.46734079047363,21.579231287843857,152,-18.832982936105655
2024-12-19,74.07336067703574,25.878864906227047,153,-30.412781845234097
2024-12-20,71.76421868501075,22.300034121370544,154,-24.83339938801718
2024-12-21,86.06048195515788,28.10134857122491,155,-32.82569634147582
2024-12-22,70.66278276354055,28.51052796016888,156,-38.00473210365006
2024-12-23,84.64438953183658,21.32581390310183,157,-20.776842430800723
2024-12-24,93.50575603562393,19.152416958525773,158,-14.487568902105078
2024-12-25,84.38685444689698,23.885254928900434,159,-26.56803153950878
2024-12-26,79.70424815516304,28.685450184250364,160,-38.065402156362985
2024-12-27,86.08220546105883,18.159932835084998,161,-15.52758244832118
2024-12-28,81.45632226228791,24.344498753452243,162,-30.012516214439003
2024-12-29,83.64041973289838,24.47340330138781,163,-30.074408422880325
2024-12-30,93.53662021941312,25.996695336229216,164,-31.293526280523444
2024-12-31,79.65256594501936,16.9735152769089,165,-16.12368725612465
2025-01-01,94.02976409559786,25.73737447023133,166,-31.55545038239078
2025-01-02,92.63376604890159,28.635487809984618,167,-38.6874608802843
2025-01-03,74.8947783697324,17.695246633053628,168,-20.0061458763981
2025-01-04,71.73403252187913,18.563149873858166,169,-22.774941116784852
2025-01-05,72.51945003443566,29.570926410624594,170,-47.52222235123795
2025-01-06,70.45554564128874,17.714654290642347,171,-21.974195881946
2025-01-07,72.36107401889821,27.815776400543687,172,-44.44800707909015
2025-01-08,87.07516933540893,22.384167846720523,173,-29.257418734425592
2025-01-09,71.77971621150573,18.708466116047656,174,-25.248101085293886
2025-01-10,77.97439075734403,28.06124851908767,175,-45.49770215990182
2025-01-11,91.12188277423637,21.679578825039982,176,-27.729165460157535
2025-01-12,70.58179839339564,22.72226030894535,177,-35.665817734179356
2025-01-13,90.36171206472339,20.388500540996485,178,-25.951468391347888
2025-01-14,77.046369369335,23.894262771523913,179,-37.91207495323111
2025-01-15,72.9541206905414,17.452858088775344,180,-23.955840128254078
2025-01-16,87.41842913410377,20.86622304977641,181,-28.967451507032155
2025-01-17,85.7235711694971,29.541184835029313,182,-50.83756456169256
2025-01-18,91.93680033817633,18.872001490516915,183,-23.885210811251724
2025-01-19,88.37677609509714,24.851049968119383,184,-39.90610385249494
2025-01-20,90.08702325962122,19.877850963370424,185,-27.449555544152577
2025-01-21,77.05086431428266,26.602096885299012,186,-48.110292225645885
2025-01-22,74.43598859449307,16.963104910775247,187,-24.759028089287355
2025-01-23,88.76536879102146,29.547315676178172,188,-53.94274043077392
2025-01-24,90.1708684816816,21.80684312075459,189,-34.15761349177955
2025-01-25,94.76262855001683,18.540756950196958,190,-24.84010273178367
2025-01-26,80.31544192278567,16.10245120995019,191,-22.460656671226886
2025-01-27,79.30045214481957,17.54636857631311,192,-26.7936158356161
2025-01-28,89.41032401854991,22.796609228340266,193,-38.80759908180658
2025-01-29,78.52008850632545,20.055047646469294,194,-34.52315899829409
2025-01-30,93.26893314008912,27.433250488239143,195,-51.38716952107573
2025-01-31,91.4603187960753,21.46331285492709,196,-35.91764574982389
2025-02-01,80.72485068437545,18.730714088814448,197,-31.614852446578187
2025-02-02,88.77177669478743,24.25717479906045,198,-45.56744264310892
2025-02-03,88.86357185211706,25.601658253281688,199,-49.52792577741443
2025-02-04,72.57809672089832,17.505628618514248,0,18.05395095013832
2025-02-05,92.56382266698917,17.514288244324764,1,23.058064744638084
2025-02-06,82.63130931119643,15.550071404003145,2,20.554278954643937
2025-02-07,90.66143665269354,26.04603022598461,3,22.667463829429824
2025-02-08,78.0012400257653,24.957067914327077,4,19.08708604172884
2025-02-09,92.38808071240501,22.11946313624721,5,23.163491915475007
2025-02-10,79.73004196835407,27.662556734537958,6,19.631561279112674
2025-02-11,70.27094128700746,27.085052294250797,7,17.088437024840413
2025-02-12,92.63454941048158,23.780315465951283,8,22.615060838167423
2025-02-13,72.28216691965333,28.02406920769888,9,17.34244726879123
2025-02-14,77.98284093976037,18.087618150551524,10,18.975841769746573
2025-02-15,93.75154917627012,16.678794290965918,11,22.89391852385732
2025-02-16,93.7651786734389,19.046244172754843,12,22.705117612546292
2025-02-17,84.33594720308216,15.856302841339723,13,20.349725600757502
2025-02-18,85.79593030424498,22.967542920015482,14,20.226135261312383
2025-02-19,81.211138049458,29.049085384424423,15,18.60005782525265
2025-02-20,77.33026929245162,15.590153110027645,16,18.31530669603587
2025-02-21,78.21661363424789,16.831648710150404,17,18.487753104999577
2025-02-22,86.81296140192596,21.782985424251528,18,20.099083178248172
2025-02-23,88.809363235942,29.008125262918576,19,19.505875700829076
2025-02-24,89.78947609314622,19.742341574651256,20,20.747150389101915
2025-02-25,89.74045356986385,22.608522130325888,21,20.278876467658485
2025-02-26,72.28015257621726,15.623592885755881,22,16.455982049888608
2025-02-27,82.36050761756454,17.225148014431333,23,18.65127017873149
2025-02-28,71.43896900041611,29.799451844382702,24,14.468467843700548
2025-03-01,83.73822205809338,29.476780446540683,25,17.344710604918046
2025-03-02,81.03826253433442,15.074099714016144,26,18.183836523419338
2025-03-03,92.19260456895749,29.277176781348587,27,18.98138219826663
2025-03-04,78.77287531380196,24.586799067232505,28,15.953222026443687
2025-03-05,72.92667541069015,28.01877441780033,29,13.718021216114057
2025-03-06,73.5747920513209,21.82109783450789,30,14.745454036325098
2025-03-07,89.03776579293681,22.733940428688754,31,18.421786871760307
2025-03-08,85.45545158290653,22.3326987038538,32,17.416525110167335
2025-03-09,72.52806690306976,25.002963863191567,33,13.443499223156564
2025-03-10,72.10267015287494,17.094768821344694,34,14.70909877877762
2025-03-11,87.524228286478,15.449603848090169,35,18.733636785940547
2025-03-12,71.81907515910484,19.618949123867864,36,13.652927619498456
2025-03-13,90.5465014822589,25.5702114410497,37,16.92492923535158
2025-03-14,87.65605567891241,18.027801781844225,38,17.771083189874386
2025-03-15,72.0337195160475,25.101486499873758,39,11.970268427000326
2025-03-16,72.1209428521298,29.548680691609057,40,10.67383642309799
2025-03-17,94.66598946252938,16.408510736841276,41,19.429632705583387
2025-03-18,79.356769893903,25.089031773376895,42,13.045325903740302
2025-03-19,79.26605367667227,21.656253289568568,43,13.81711780963818
2025-03-20,90.31998918143756,28.02213381566258,44,14.398721644566393
2025-03-21,93.68121443459647,17.657246841710787,45,18.00193757199591
2025-03-22,94.65002659557177,25.389389283392468,46,15.72503600775893
2025-03-23,88.83445463147353,27.571729344721653,47,13.250077496599525
2025-03-24,79.40648963827289,29.16921329211035,48,10.08377316983106
2025-03-25,72.08751791746671,25.24872042434469,49,9.347116506744898
2025-03-26,89.42867289818592,22.45762146012641,50,14.337958020558524
2025-03-27,83.96010624339513,24.267708603018207,51,12.120619098112286
2025-03-28,80.6055502311744,28.033574767180774,52,9.450071000305353
2025-03-29,92.6588596273684,23.559146199582443,53,14.095846096358352
2025-03-30,72.77993705765378,15.455805895452553,54,12.061973054757543
2025-03-31,82.31562760727148,28.964230432604666,55,8.682951533431543
2025-04-01,70.28384111918548,25.342901265473415,56,7.016546029748588
2025-04-02,81.71651604985315,25.147700786658696,57,9.700810316306878
2025-04-03,71.40758189204594,18.235127285965756,58,9.636413152519728
2025-04-04,72.97044790670179,24.883282053489857,59,6.889544646666273
2025-04-05,72.93815616942763,20.90796608481238,60,8.440480273432437
2025-04-06,86.23025755290159,24.768494655622384,61,9.663238309351515
2025-04-07,88.65112198163558,16.59889545461986,62,14.142338302008381
2025-04-08,84.584219127429,24.867679569045542,63,8.691663657444993
2025-04-09,94.05431371186354,29.991205886559996,64,8.131629529916108
2025-04-10,79.3717644880926,15.723180582908341,65,11.402873144223216
2025-04-11,77.14280215704652,29.65761276331976,66,3.4472297270664827
2025-04-12,91.71497820473651,21.10361941084306,67,11.231200545746056
2025-04-13,75.58989596298632,28.061301755058885,68,3.168306540305644
2025-04-14,94.08056348601528,26.735782260874103,69,8.224076567684495
2025-04-15,70.3038618672454,23.50524391480002,70,3.945902728182666
2025-04-16,94.24697066769097,26.076738138769898,71,7.8302790451353905
2025-04-17,71.0789977987644,28.177733419520216,72,0.25288648229916805
2025-04-18,92.27857784245178,21.062104824765495,73,9.951336132072438
2025-04-19,83.1925277271575,19.90549742344858,74,8.306899355470472
2025-04-20,94.82411990298252,25.01390078345377,75,7.582919466378744
2025-04-21,71.84491411838498,27.11768912911888,76,0.015297963704243873
2025-04-22,83.84635711003303,26.434277021649237,77,3.0515180196449463
2025-04-23,94.23256339047748,26.967204732879516,78,5.061756639423582
2025-04-24,83.07744610425372,21.533749722193996,79,5.551710734983597
2025-04-25,85.73496595338156,27.267513242625323,80,1.9703330451575105
2025-04-26,87.39371722461543,16.80313583055913,81,9.649490301592916
2025-04-27,81.36352661919433,23.167336469412746,82,3.2441919884098396
2025-04-28,85.68895200210159,15.086379907471823,83,10.290396650385494
2025-04-29,84.6078577980775,19.868787448504055,84,5.89476867467785
2025-04-30,92.52895026227472,20.49692302307097,85,7.018696293840332
2025-05-01,71.13615950853645,20.94259037413883,86,1.0791134103153537
2025-05-02,77.02407973980576,25.432008100347932,87,-1.5585038836232945
2025-05-03,93.76028710191397,20.828371519055185,88,6.17650538606922
2025-05-04,92.25659459727291,21.73040433933796,89,4.77784442240142
2025-05-05,81.39141881964282,18.56316196311491,90,4.445940323044912
2025-05-06,85.50331494503843,20.5987768744401,91,3.509581730252971
2025-05-07,76.93452957452831,18.409044408947274,92,2.906642110143125
2025-05-08,74.70302899309404,16.097938856526653,93,4.3502705867189535
2025-05-09,81.59246012349955,24.05172890072067,94,-1.5217396275089048
2025-05-10,78.83380570065133,25.023191978325244,95,-3.462589682974934
2025-05-11,84.59140279627181,24.292355190144217,96,-1.734426721244063
2025-05-12,71.94336592412462,21.952410657008585,97,-2.97063803443151
2025-05-13,94.35987019165417,20.69678670268845,98,3.5934793279754995
2025-05-14,94.65526861199007,27.95000474357738,99,-3.9547004196342006
2025-05-15,87.45404285049364,22.78622677704327,100,-0.9885277133273883
2025-05-16,83.402409158603,22.187728164445964,101,-1.7011450583871237
2025-05-17,77.7381904071582,15.384630987096536,102,3.4514905332781387
2025-05-18,90.34487549267371,20.118717414392346,103,1.4734768960540305
2025-05-19,87.11827931384698,20.702934281787854,104,-0.22550276431749736
2025-05-20,74.06542348362228,20.982341713453508,105,-3.9717325727144956
2025-05-21,92.77317961234607,23.702585538409984,106,-2.6479526974023897
2025-05-22,90.56343107307923,23.004038200903175,107,-2.8010347335054258
2025-05-23,93.7449978322981,24.11857639190167,108,-3.5486013623278847
2025-05-24,88.142987709709,26.473248923131926,109,-8.104373053228688
2025-05-25,85.33537989839475,27.1947860807414,110,-10.00145403254209
2025-05-26,80.45607590726547,25.77184614339742,111,-10.035383675264638
2025-05-27,93.31821208385033,29.33285543932402,112,-11.412044193762577
2025-05-28,91.6515972375102,15.273488740145424,113,4.508009845025938
2025-05-29,71.13046675265474,17.93666978525319,114,-4.293544891755269
2025-05-30,70.6591743624313,15.113443124672132,115,-0.9871007868945854
2025-05-31,79.41158417195123,24.712120712319045,116,-10.87912066595872
2025-06-01,90.26383326954583,28.470458234249804,117,-13.372165789229188
2025-06-02,94.68190323287361,18.65223444864449,118,-0.14156960467378155
2025-06-03,73.7604222775882,28.9055181719446,119,-18.95959653361399
2025-06-04,84.85326788380338,15.904010854343413,120,0.31581753069284113
2025-06-05,79.52227141577553,29.016540402082715,121,-18.720715850487647
2025-06-06,94.24785994536508,20.274340308594518,122,-3.8201639906382234
2025-06-07,91.05297307839271,16.52131242673825,123,0.19431909588353435
2025-06-08,90.95821761777844,22.288076387794884,124,-7.974368322721686
2025-06-09,81.71732899487426,18.851648515807618,125,-5.796259038363834
2025-06-10,80.37048755844162,19.27309352942884,126,-7.180154965158493
2025-06-11,76.83517679826765,19.609349473894298,127,-8.901465210962986
2025-06-12,71.40938741627318,27.04538846748995,128,-21.313506444508192
2025-06-13,91.61805940637633,23.087419150128817,129,-10.86208949553415
2025-06-14,90.32252522825195,19.669615487340053,130,-6.718610034309257
2025-06-15,94.99294183215326,24.155006749663777,131,-12.698518864142875
2025-06-16,94.91592092684763,25.742260113347903,132,-15.365872286772749
2025-06-17,83.88579264006569,19.089360011003006,133,-8.430471898715
2025-06-18,89.22468537951276,21.203236522880275,134,-10.634300520106235
2025-06-19,93.6191432470607,16.828291400054212,135,-3.0061476168184282
2025-06-20,91.24118476693529,17.717240243020203,136,-5.334906803247792
2025-06-21,76.18370254357994,25.216767809474742,137,-21.245021500820858
2025-06-22,81.26360338275234,17.721575215434406,138,-8.380453958251296
2025-06-23,73.22898537878737,22.877450755005903,139,-19.153948366839206
2025-06-24,93.85127568146805,25.63569392583649,140,-18.940547322132495
2025-06-25,85.154365861272,16.603153846421158,141,-6.623657364413594
2025-06-26,75.71607013758657,23.509683294433554,142,-20.748400969703216
2025-06-27,86.79251711014642,18.848441755520454,143,-10.540872250372246
2025-06-28,85.45320601144739,29.443903128563697,144,-29.448715041572097
2025-06-29,78.95406795082101,22.25318470079887,145,-19.223423832429244
2025-06-30,72.83893980499073,27.08988824662737,146,-29.73558223047044
2025-07-01,86.78932988981998,23.253398132343925,147,-19.664951518990982
2025-07-02,83.00769252259484,15.651187992822287,148,-7.390364040449808
2025-07-03,89.30795979339098,24.497270633910336,149,-22.31828237463748
2025-07-04,83.00408752779984,29.271050133099855,150,-33.11029722231772
2025-07-05,91.3045375079635,24.024177302194968,151,-21.638641145985808
2025-07-06,83.79767096936214,27.287832891401855,152,-30.306427199622444
2025-07-07,84.02344928838465,28.263096950226117,153,-32.31793630365853
2025-07-08,91.91634006645863,18.421196579233985,154,-12.315536865258414
2025-07-09,80.08707165530993,18.1806725986234,155,-14.998262907510448
2025-07-10,73.35038071126601,24.164714832764876,156,-28.778748547653628
2025-07-11,70.71956690783347,21.16542704710057,157,-23.8965099305128
2025-07-12,88.87843139184048,27.597919543000806,158,-32.64507774026246
2025-07-13,85.50773878383661,28.500346850970168,159,-35.78008084575498
2025-07-14,87.6019942024806,20.301320689540773,160,-19.18239378044758
2025-07-15,75.32410403772276,18.55305838461723,161,-19.170511844185615
2025-07-16,73.40928688966925,26.70788272865793,162,-36.64320350970815
2025-07-17,70.36361664169705,19.122090533222043,163,-22.254342153918838
2025-07-18,78.76468897016493,27.339214777705173,164,-37.75018326735883
2025-07-19,84.74794217136582,21.356073804731444,165,-24.175865667790095
2025-07-20,79.8061011274933,25.013248489372057,166,-33.8020531441937
2025-07-21,80.93687305059322,16.433029707520024,167,-15.249262497827633
2025-07-22,92.60396736234371,24.357889870148597,168,-29.64775513541246
2025-07-23,78.70638667558251,21.776515181058436,169,-28.08794675509995
2025-07-24,82.84973722899527,23.79912694763211,170,-32.0409424478916
2025-07-25,89.59132531852858,17.52021311617295,171,-16.805671874390566
2025-07-26,79.91356955803175,26.053106174162732,172,-38.7888859050505
2025-07-27,85.55216750569684,27.941956163148426,173,-42.13804234401595
2025-07-28,91.55909271866864,18.251097001361636,174,-19.118547829232135
2025-07-29,93.73801559144106,16.435718332802427,175,-14.503284344060656
2025-07-30,73.67683702322594,15.354578790695045,176,-17.360717783179226
2025-07-31,93.16469062903735,24.62957250664899,177,-34.63551034224849
2025-08-01,82.30290732698846,24.106410541331712,178,-36.628719954088275
2025-08-02,76.45610970747396,23.20046119071105,179,-36.44579270498994
2025-08-03,81.47839390595654,18.47920644173963,180,-24.18953811581456
2025-08-04,94.50081438213692,20.86358993858272,181,-27.12066704147792
2025-08-05,82.31545234982174,23.917145027792596,182,-38.180647667009886
2025-08-06,78.2187902571877,22.45150288288754,183,-36.08311178300732
2025-08-07,85.83502135791815,29.81678280322331,184,-52.95069071343607
2025-08-08,76.00364046945482,17.046596288350997,185,-23.738061555196925
2025-08-09,71.8965832027166,25.427168310713906,186,-46.65090841869867
2025-08-10,73.22199304776623,21.06478152156438,187,-35.70783003814774
2025-08-11,73.2011459739443,21.42299422388422,188,-36.905849410796925
2025-08-12,73.79756733780737,25.763966484872643,189,-48.48855958846837
2025-08-13,73.47067931623525,25.386542269865544,190,-48.101569900521056
2025-08-14,86.02186862008037,29.868839905532823,191,-57.31409335544102
2025-08-15,74.54700210997862,16.92591434181188,192,-26.415780674598956
2025-08-16,78.64168208309658,16.561644740762496,193,-24.59636546866797
2025-08-17,92.4197102476503,25.865082256931117,194,-46.94539108412849
2025-08-18,81.84904100657181,23.675803755096137,195,-44.09043778957414
2025-08-19,86.68894346302568,19.112409998397087,196,-30.782542645860097
2025-08-20,74.30799678004075,16.1912905348348,197,-26.356671342120922
2025-08-21,74.80722547021676,16.28487374394646,198,-26.68717917536172
2025-08-22,71.02171540666197,28.412863119961774,199,-61.84016306523935
2025-08-23,74.22337657680411,17.878009870781142,0,18.557932793030623
2025-08-24,76.96475847579896,19.850573431732812,1,19.244409136089875
2025-08-25,74.42526210691867,18.39984603340482,2,18.428256426600374
2025-08-26,72.21756334392639,20.32494458747906,3,17.887143185118042
2025-08-27,73.01589677751502,16.0413576411914,4,18.088123695216833
2025-08-28,81.51946920081815,22.785896863624053,5,20.093341718952104
2025-08-29,75.15834296014481,16.014188453883225,6,18.682390577395875
2025-08-30,79.10674652620189,27.005347617335424,7,19.332309700572743
2025-08-31,82.58543177137142,18.505681228656496,8,20.116476381156847
2025-09-01,87.25987071573414,23.100178719067657,9,21.215913331361907
2025-09-02,70.98280349602747,28.20118631342187,10,16.903723234164744
2025-09-03,89.98525997272607,24.76316053570791,11,21.70689866371057
2025-09-04,85.6975097372727,22.99436679827003,12,20.626573624995526
2025-09-05,72.0439757987218,19.865006296730634,13,16.97836864622406
2025-09-06,91.83946560266943,19.995028695872968,14,21.831376994084945
2025-09-07,93.02181001329532,25.04230432797285,15,21.674868303238917
2025-09-08,71.52694899637159,29.91209041831751,16,15.943961476409877
2025-09-09,76.92194120368009,24.92758784774068,17,17.529876817666988
2025-09-10,90.15503199482653,23.366751260550373,18,20.85303031713702
2025-09-11,88.70649225959146,25.959757653588692,19,20.01906471852842
2025-09-12,74.61302548390944,21.97808418425577,20,16.655492008603517
2025-09-13,75.23373308341776,15.902135139011778,21,17.293281572374603
2025-09-14,79.26180256978455,23.434452238168646,22,17.313755222066952
2025-09-15,82.11307462977553,29.364379267580702,23,17.498210367271955
2025-09-16,85.4563692882574,17.629544135364895,24,19.130523617935605
2025-09-17,79.2228409892443,25.350073362309985,25,16.6554251349119
2025-09-18,81.5633679033287,18.014005329885848,26,18.205004715683778
2025-09-19,88.68677345334392,23.03741526709622,27,18.940313476660418
2025-09-20,70.91708007226495,16.450146744700795,28,15.272978264814254
2025-09-21,76.31092360860052,21.755564043872777,29,15.644424722264777
2025-09-22,87.83373964711382,26.34244993342869,30,17.611889529055407
2025-09-23,92.38017094217999,20.21357286358473,31,19.743450853317263
2025-09-24,82.79193605289166,24.97367586730827,32,15.956079599516265
2025-09-25,83.30283713163288,26.93174941184594,33,15.873585637689835
2025-09-26,72.6793002834944,28.90766729219179,34,12.296415964947835
2025-09-27,81.18530917058636,18.519631227831802,35,16.43493550331289
2025-09-28,83.31543166137558,20.98973873713962,36,16.252149906091873
2025-09-29,76.06176259086824,17.28624019995626,37,15.18381649010707
2025-09-30,76.73108077373452,29.887252532375626,38,12.021936633453095
2025-10-01,79.43210407761556,28.90501451886443,39,12.86428473126667
2025-10-02,70.50177994444316,23.099356954208396,40,11.984149511595609
2025-10-03,78.05197913957946,27.63049941564632,41,12.12289504390692
2025-10-04,75.28620017491362,22.814369659080633,42,12.63065207424818
2025-10-05,78.18743380444786,24.353785320041396,43,12.613626880312847
2025-10-06,72.99405329548128,16.33686648174025,44,13.522975483923823
2025-10-07,92.26318201849737,26.32905630745212,45,15.119779724636775
2025-10-08,84.83981133885122,16.915702254528522,46,15.868321912828982
2025-10-09,86.97755797861224,27.391014453787925,47,12.96736001340132
2025-10-10,89.72928096518345,26.73042131505579,48,13.723453069797985
2025-10-11,82.46105497322642,25.631170466144646,49,11.804681894246263
2025-10-12,72.17300720218559,15.542405707871431,50,12.62015735876702
2025-10-13,83.4276635454637,19.54692533917993,51,13.60834720687978
2025-10-14,84.67102795052197,18.946688548662642,52,13.967534615453937
2025-10-15,88.63598685460825,20.402046112072785,53,14.334193045351013
2025-10-16,80.79148865574199,16.31464120145758,54,13.872351269403469
2025-10-17,73.18950756988909,29.05436734546594,55,6.481925694047699
2025-10-18,77.09439764496811,23.307033610685643,56,9.475116947190141
2025-10-19,79.07705740996587,19.582864659870353,57,11.341892493864663
2025-10-20,86.14793103329004,20.95472275611425,58,12.155929972528275
2025-10-21,84.2694576167228,21.708038107572534,59,11.29000226514776
2025-10-22,78.90241814744616,24.00891500040926,60,8.65550248824254
2025-10-23,94.6628812198245,22.735191415447467,61,12.788892467238181
2025-10-24,85.14437048392217,28.79087959821626,62,7.183712421527582
2025-10-25,75.93066979339986,22.454452243587454,63,7.780973839863215
2025-10-26,72.5445618155101,29.882370222349692,64,2.7926949264304213
2025-10-27,73.8214784796083,27.77137436617644,65,3.8952577777401207
2025-10-28,76.1489432096127,18.127657715360037,66,9.527402008584925
2025-10-29,74.01703433148889,28.958928219658745,67,2.5979401067906087
2025-10-30,74.66417560128265,16.745495968282142,68,9.240300871359397
2025-10-31,77.12737921734617,27.261745627367873,69,3.5918290164293714
2025-11-01,74.33433988236887,20.709349402148703,70,6.5293247935285885
2025-11-02,92.41913561566062,28.169614806676044,71,6.234002554217894
2025-11-03,72.00584364154105,28.020850351611756,72,0.8174580368753754
2025-11-04,83.11278473925637,27.088881001764317,73,4.014659034347322
2025-11-05,80.25992067474154,26.85045654460592,74,3.114689772505025
2025-11-06,94.55946542271516,19.57018708647061,75,10.868614618831632
2025-11-07,72.80097255420131,16.213789245768783,76,7.271100283660018
2025-11-08,79.94638997614354,21.04470268147742,77,5.868027086881646
2025-11-09,94.23676083188423,17.60286772479763,78,11.364510397448026
2025-11-10,91.6376781473495,25.424266333536927,79,5.136392151636734
2025-11-11,90.426801773732,20.191495898066783,80,7.961831695106457
2025-11-12,76.44757067612349,29.63415301289872,81,-2.4021451435423624
2025-11-13,74.27218968475165,24.61458116017998,82,0.16958020987140962
2025-11-14,86.71608049811077,27.337208454515412,83,1.0806293217153187
2025-11-15,93.23439972818964,16.987870091127725,84,10.231529539934634
2025-11-16,83.91907232534824,27.93021723408934,85,-1.003455617383053
2025-11-17,84.2903172367475,28.841357857700913,86,-1.970006793242958
2025-11-18,76.9994773415071,22.305928782284038,87,1.217641980202114
2025-11-19,89.23732332979841,24.093794066264664,88,2.430175870947877
2025-11-20,74.67609371393809,26.472147013544934,89,-3.499193728590453
2025-11-21,78.09198091010609,17.622579408906187,90,4.674217207559695
2025-11-22,80.63591096541042,22.538491146951635,91,0.43723485644349325
2025-11-23,82.69025946711137,20.979945416584698,92,2.3208899444070794
2025-11-24,76.060243310377,17.195609882433736,93,3.603449982798857
2025-11-25,72.87092061848008,20.51301633437297,94,-0.5669690368227874
2025-11-26,85.26550106104082,16.022584640782405,95,6.347304352916218
2025-11-27,77.2157638310064,15.387178604242305,96,4.8117862326716025
2025-11-28,84.53095553556531,17.02749433732234,97,4.957870961513688
2025-11-29,73.85906788185505,29.44672667383761,98,-10.115744659103413
2025-11-30,82.02850254637043,23.242943038425253,99,-2.236930831754373
2025-12-01,83.31473581378964,29.487332417298298,100,-8.803766032856045
2025-12-02,71.29558842056068,21.487468174951978,101,-3.9878964293215855
2025-12-03,78.41510695484801,19.677241996278894,102,-0.7919636826352704
2025-12-04,73.36036692347436,22.59212794260366,103,-5.239905922428891
2025-12-05,71.58437426181919,21.59267532949365,104,-4.916324049533894
2025-12-06,94.74900580974864,16.58497026392616,105,5.800911029386744
2025-12-07,78.05884612436807,24.612394720353095,106,-7.606121824592776
2025-12-08,90.24686114636587,18.240572737643994,107,2.392641286670831
2025-12-09,76.3660163690941,24.293819323467446,108,-8.131449889590558
2025-12-10,87.03756805559823,24.753016385972302,109,-6.368948022374612
2025-12-11,89.00569649724216,17.280372796929722,110,2.438813665484202
2025-12-12,84.8909685151961,15.920244406660021,111,2.497586477875107
2025-12-13,81.78940471375395,26.711423791026597,112,-11.14558667396518
2025-12-14,80.2960228536817,21.8970063565398,113,-6.109569394192473
2025-12-15,78.72170666357488,15.872456932582137,114,0.18282092927896576
2025-12-16,93.23822860619565,29.922994757546505,115,-13.560640171717695
2025-12-17,90.76548519469323,15.8667084149455,116,2.8177504909673217
2025-12-18,94.12567276666282,25.4255284328783,117,-8.653973386793561
2025-12-19,73.10743058713862,29.755183878951204,118,-19.828810357238375
2025-12-20,88.27168688009111,18.587701563238884,119,-2.1101794782989063
2025-12-21,93.45851142052595,17.133740530307943,120,0.7741702082788795
2025-12-22,74.5308266541415,16.820774091336432,121,-3.7523284102846106
2025-12-23,71.66240668416944,19.549127213513934,122,-8.536237375434053
2025-12-24,88.52801623225147,16.5156871651597,123,-0.5062217211635032
2025-12-25,84.3618278294978,25.38242012541198,124,-13.889792600058689
2025-12-26,91.04571941895679,15.93437697195094,125,0.3775816459798544
2025-12-27,73.49430941565724,22.641331922246845,126,-13.582479778972928
2025-12-28,89.88168279649726,29.95045280779465,127,-20.34892679336156
2025-12-29,75.04068300119361,27.209554042590284,128,-20.816053164211226
2025-12-30,74.09139857164261,24.228291573465164,129,-17.043190605349626
2025-12-31,74.10664494827482,19.593804311799175,130,-10.39641423129599
2026-01-01,90.36436800578456,24.358437544374578,131,-14.029177493336402
2026-01-02,86.629930517405,22.905621958674775,132,-13.12681179595412
2026-01-03,83.07663561922799,21.39125075835557,133,-11.995194806289437
2026-01-04,78.97076210308757,16.960655651102993,134,-6.4876974232282985
2026-01-05,91.9300135203277,28.299063228607,135,-21.431379750577097
2026-01-06,79.81112768556588,21.746769732319837,136,-14.597757242339956
2026-01-07,90.41498598678943,17.919337677311475,137,-5.988460922446984
2026-01-08,80.97837271425546,20.516390263159344,138,-12.841312862640685
2026-01-09,79.42361073562269,21.211946287933905,139,-14.808048536350734
2026-01-10,81.56699464174017,27.413068433503113,140,-25.009531511917185
2026-01-11,77.53444685410355,26.00421570842103,141,-24.23561123543341
2026-01-12,88.69023450440628,26.539573404620096,142,-22.81876918139782
2026-01-13,82.56800975231198,15.165468966429708,143,-5.239172554848413
2026-01-14,75.80531737867044,21.24230997269642,144,-17.713542466062936
2026-01-15,92.48936433186421,22.220162274529855,145,-15.534595967544552
2026-01-16,79.59728053433028,15.28788415234585,146,-7.0053690867241
2026-01-17,83.58882152784972,18.897198131175514,147,-12.933206243338038
2026-01-18,92.66180277411368,26.404347346832026,148,-24.27032144947285
2026-01-19,85.6059498978498,17.056645585934987,149,-9.720549639692544
2026-01-20,72.92245101770911,23.029651971788873,150,-24.115956586340385
2026-01-21,93.49580309033688,18.22802808025856,151,-10.42348282422435
2026-01-22,85.69270132678545,15.181811619658399,152,-6.8276974494776805
2026-01-23,78.37264036642715,18.61802186399312,153,-15.330556497346587
2026-01-24,73.48180181658468,29.638106323650806,154,-38.2099581920396
2026-01-25,89.85062973175741,27.023056678244842,155,-29.7029853125433
2026-01-26,85.50181889821283,29.3936496648155,156,-35.84283910718646
2026-01-27,83.33652729940803,22.317810658895436,157,-22.980797100411923
2026-01-28,92.34731457627394,16.64604298016255,158,-10.004765611729667
2026-01-29,89.71493028061327,23.219392334605395,159,-23.944624413263185
2026-01-30,73.79187199331878,21.815660018399413,160,-25.680816489279465
2026-01-31,77.7930516948887,27.665356241094237,161,-37.01843964110329
2026-02-01,76.21222849536164,16.471238711763668,162,-14.842782548484568
2026-02-02,88.59865731431692,22.32361705532667,163,-24.264621735408227
2026-02-03,70.83831086839449,17.250729970409765,164,-18.436938270170742
2026-02-04,84.24724212178292,19.8701389033509,165,-21.113946459556487
2026-02-05,89.06146714351726,26.060356160816994,166,-33.527320860026485
2026-02-06,91.91914091904374,22.1402719405315,167,-24.911496749211146
2026-02-07,78.55204371789769,20.63832427718654,168,-25.258585985737767
2026-02-08,90.53143261680032,20.91714417855053,169,-23.244213955724224
2026-02-09,72.76579342388018,21.8917015260898,170,-30.28636165998822
2026-02-10,91.16130729336295,26.775248157555854,171,-36.91476219862043
2026-02-11,73.18721655829955,28.381270334103515,172,-45.725057259681115
2026-02-12,79.93218226400919,29.330020297558924,173,-46.6893604461349
2026-02-13,89.93238414448884,26.803550793829427,174,-39.14605656073172
2026-02-14,73.74793568371935,19.73110343622019,175,-27.279869736306896
2026-02-15,75.73128488081603,25.322020591298134,176,-40.12210843347188
2026-02-16,88.05631420982665,21.564046860830878,177,-28.680715407974343
2026-02-17,88.00091341365186,18.820059330690768,178,-22.723350189099904
2026-02-18,86.02869082213243,27.61307369138884,179,-44.62934398507065
2026-02-19,87.3487111116775,15.576395234434875,180,-15.930878472436868
2026-02-20,83.5681110836899,28.52642988203135,181,-48.60855435904686
2026-02-21,76.29497647267382,21.92216196937101,182,-34.66301394391554
2026-02-22,78.64239983759799,24.558022152124206,183,-41.07718170927744
2026-02-23,74.53994292003564,24.890308833086742,184,-43.43860564059719
2026-02-24,92.71126403334071,28.426766110598045,185,-48.34668349167032
2026-02-25,84.58479486915301,24.55004523250811,186,-41.12923879118
2026-02-26,80.021285419091,24.209003771400926,187,-41.9676493485196
2026-02-27,81.55014509110332,15.999780608410349,188,-20.785633429783303
2026-02-28,93.68208349029538,22.776120329178063,189,-35.717040350801746
2026-03-01,73.83378507790201,17.252535012255624,190,-26.67621074987946
2026-03-02,84.65574580041994,26.061506530822285,191,-47.68250958997363
2026-03-03,82.64721697211165,22.68332881219012,192,-39.90093943776579
2026-03-04,85.2863558858662,25.2034166881253,193,-46.14514731108931
2026-03-05,70.45275459552101,15.625093509035764,194,-24.65537473338552
2026-03-06,91.80309772360378,16.271880240687047,195,-21.444269266164223
2026-03-07,93.30295706209031,25.744850820940236,196,-47.248783495946036
2026-03-08,84.12832958973023,16.0812650399801,197,-23.4722470846916
2026-03-09,87.4162705969223,16.06885091647888,198,-22.809476111422757
2026-03-10,93.0624845294324,15.181627128523312,199,-19.291156195802714
2026-03-11,87.68096585783496,29.347520974492202,0,21.988598396778787
2026-03-12,73.81347607285653,26.062625391885106,1,18.290710821702195
2026-03-13,84.40720900417033,20.298771127530962,2,21.1655830547251
2026-03-14,85.16787615957139,19.44803371931483,3,21.217039145488737
2026-03-15,80.60326678255964,20.245548446187744,4,19.95192459414579
2026-03-16,88.41110589061807,26.619802967717728,5,21.819496874471408
2026-03-17,93.35917536922537,24.920559166056215,6,22.795914394646456
2026-03-18,93.1392128226694,17.77793351801202,7,22.996416550422325
2026-03-19,81.27098428510331,17.611640030011266,8,19.816302997480424
2026-03-20,72.83095114601888,16.47593474570096,9,17.627620519786436
2026-03-21,94.62102997405836,24.90454079552007,10,22.715470844948552
2026-03-22,90.97245216114835,26.46558993332604,11,21.88884112947934
2026-03-23,73.11656703008167,18.97569642487506,12,17.427410530545856
2026-03-24,93.02104706543432,15.314174415463691,13,22.690826003097637
2026-03-25,91.7474090515532,16.23257501214641,14,22.032957837775236
2026-03-26,82.9709514281518,29.517900522675458,15,18.857167004188717
2026-03-27,84.78188589362323,19.431671662161303,16,19.840192043032616
2026-03-28,79.97506759675326,26.538347217572003,17,18.257201113163788
2026-03-29,71.36904097055078,24.36995353281396,18,15.965597209616618
2026-03-30,78.37993104114753,20.729094594793438,19,17.823389488571625
2026-03-31,90.07133621495029,18.085308932933327,20,20.916236669597925
2026-04-01,70.11580057511507,16.820796272391096,21,15.960394401874595
2026-04-02,78.3374792922786,24.225194520583,22,17.19633255304902
2026-04-03,79.95421733977358,26.61950670956682,23,17.197162861438862
2026-04-04,83.43489007344807,24.658563803116962,24,17.92350249662313
2026-04-05,92.99639041031901,22.954531998737373,25,20.247176334129378
2026-04-06,78.65864985914904,15.629268351474543,26,17.551273396683914
2026-04-07,78.67383004740569,29.527331663915756,27,15.551915631548722
2026-04-08,88.43753120274371,26.980712874818618,28,18.015488546192383
2026-04-09,81.30544852224517,19.392330550514473,29,17.20215105481224
2026-04-10,75.61512057349955,29.69955494038276,30,14.058024074916386
2026-04-11,81.31098790331734,24.028223844544833,31,16.175593599535752
2026-04-12,73.521425509495,23.736339873108697,32,14.086899594400018
2026-04-13,74.40967466265559,26.22109769144298,33,13.555820766660789
2026-04-14,82.459194318487,27.176546821352062,34,15.203943843968467
2026-04-15,80.4731362376137,24.84717910997254,35,14.880934454991868
2026-04-16,92.8711475267025,16.921436195493,36,19.651776504561614
2026-04-17,79.05984747791582,20.074012589917476,37,15.350585093207997
2026-04-18,84.51470875695108,28.92125460489075,38,14.16932010196082
2026-04-19,85.80660719798826,18.36923417765778,39,16.884783317286036
2026-04-20,70.32736141470834,20.5825053575627,40,12.225179677566755
2026-04-21,86.58843430041776,21.48115324416294,41,15.942699969249684
2026-04-22,74.45089917174379,21.591074845416784,42,12.727482382088274
2026-04-23,94.02675793673637,24.19409373741788,43,16.539719821838574
2026-04-24,73.71656819382783,29.146137566170616,44,9.830277456378242
2026-04-25,80.3656030931756,18.610390677487572,45,14.37310171932252
2026-04-26,72.1337417019661,16.82252064451377,46,12.805751395116062
2026-04-27,94.92185629614869,17.96205734789906,47,17.949740436520592
2026-04-28,82.55487525828107,28.303873503139044,48,11.15398564321619
2026-04-29,84.88462543300109,24.68716218982809,49,12.771141814353179
2026-04-30,71.67691193471069,19.288601838587404,50,11.045009395382714
2026-05-01,88.74901175997945,27.23920408452926,51,12.239219281535233
2026-05-02,75.24763982738965,27.92054994545154,52,8.509681821259468
2026-05-03,92.45135723601784,27.697715080354172,53,12.559837712434586
2026-05-04,75.12849101205018,28.78389800459332,54,7.230214836349685
2026-05-05,74.76719301659166,18.783615302600424,55,11.11310542952256
2026-05-06,70.91374169620237,26.325628931194174,56,6.777408876890035
2026-05-07,81.80167362774998,21.9080924591121,57,10.907651239104935
2026-05-08,84.12102833156541,27.629978293350923,58,8.907563402344719
2026-05-09,71.6427159857088,25.927360157424197,59,6.314514086895705
2026-05-10,89.38819041737526,26.646711697495867,60,9.850520647448349
2026-05-11,81.33222086870069,24.84242756521607,61,8.405745662835981
2026-05-12,83.1097567331895,17.6614315420456,62,12.257097766221692
2026-05-13,81.0190686734557,23.175403783454072,63,8.693125614931287
2026-05-14,80.01907652188315,29.770046092867624,64,4.817653158446516
2026-05-15,83.99100828270545,29.060820997456783,65,5.802582090503305
2026-05-16,73.88100614826782,15.647606036955175,66,10.119285471760506
2026-05-17,74.54820326238178,17.472222235941558,67,8.922311321212046
2026-05-18,91.54464052533794,16.975931601818427,68,13.471767866088717
2026-05-19,93.65288655334082,25.889698649779433,69,8.691317423624898
2026-05-20,79.33273290699383,27.266779947854175,70,3.8411267680723236
2026-05-21,76.76861682858885,18.20267049466008,71,8.29793813412116
2026-05-22,86.09998858097539,22.587790394277434,72,7.5720958825090365
2026-05-23,80.2183542774524,27.610545420168002,73,2.884977990912096
2026-05-24,70.63465889150862,25.99202317149376,74,1.1700744794909022
2026-05-25,73.90381493415475,23.133558082377725,75,3.4440478973923065
2026-05-26,87.89930572118493,23.855215356881594,76,6.281925867692226
2026-05-27,86.47309854775378,22.6254082037442,77,6.29750626850945
2026-05-28,70.67739981258708,19.46322676978231,78,4.31803451334555
2026-05-29,75.54930404832373,23.47532989288524,79,2.3017491864235566
2026-05-30,75.77686991470179,25.333279530751362,80,0.8148430239835378
2026-05-31,86.79731858996821,28.099843737912117,81,1.197108136763836
2026-06-01,70.4927634438591,24.544370309688723,82,-0.5794938892694467
2026-06-02,72.60271454961435,26.41682305564737,83,-1.8617771365798497
2026-06-03,89.99790213432973,17.401074524318595,84,9.089715755563983
2026-06-04,74.46361655135834,21.92336211629685,85,1.5180188617987302
2026-06-05,86.31865269629687,15.139974297406399,86,9.461385023095245
2026-06-06,75.95456952616816,18.700182967824347,87,3.653123214906036
2026-06-07,72.48603481898363,25.896925726695073,88,-3.0817862512998104
2026-06-08,76.07930477498635,29.87714927024045,89,-5.927609560447118
2026-06-09,88.05667329639148,16.48767149380824,90,7.80752134165981
2026-06-10,91.39241170265714,21.022414737919323,91,4.667837676667411
2026-06-11,90.75549661417479,27.00106453048739,92,-1.1880537081609173
2026-06-12,79.92958824046137,18.06053451943348,93,3.8109834476569464
2026-06-13,86.70212841426616,23.326274239534293,94,0.446232277910648
2026-06-14,75.12460738539552,25.996069440445122,95,-5.313231481574957
2026-06-15,77.32869325652533,24.239781753902683,96,-3.5462404134464913
2026-06-16,92.408395463028,17.820371019231242,97,6.008545646590662
2026-06-17,70.3250480877684,20.330768530286093,98,-2.2342625016591398
2026-06-18,72.1377132713617,26.756876767280957,99,-8.405282580240613
2026-06-19,75.19715637865069,23.31339771198025,100,-4.5208264463225145
2026-06-20,70.66330509684549,15.078444203143691,101,2.289064906338153
2026-06-21,74.53588587724494,26.414861400421408,102,-8.509079686407498
2026-06-22,84.5760390242423,15.529670324103586,103,5.05901353501551
2026-06-23,80.53561376481245,26.18600674096848,104,-7.69687742883015
2026-06-24,92.31679277692437,18.037208402478562,105,3.696368066451815
2026-06-25,90.43608904346102,29.371102201790706,106,-9.394773768997648
2026-06-26,78.5454337924469,20.519111269531265,107,-3.02733442460298
2026-06-27,76.48558583578232,19.903974245071186,108,-3.2106101571864967
2026-06-28,79.49231020418168,17.23332075498667,109,0.33594035040245507
2026-06-29,84.7573735628702,19.584063232353223,110,-1.3563643953517626
2026-06-30,76.70159102057191,28.14976142742301,111,-13.868319985435726
2026-07-01,85.60372269622835,29.945015064408707,112,-14.005877883699684
2026-07-02,80.23529130478101,20.524642957602726,113,-4.50678214555875
2026-07-03,83.8011795212995,21.729159464318137,114,-5.574482428551616
2026-07-04,80.90316322838292,25.831064073041055,115,-11.626255102082913
2026-07-05,77.36164398854794,28.292936706976118,116,-15.9392695779968
2026-07-06,93.71133267405392,23.895665012801764,117,-6.834221171648089
2026-07-07,89.09014485399402,20.87288547266744,118,-4.375199608415591
2026-07-08,73.50282939416131,21.189327612729357,119,-8.894550106763665
2026-07-09,91.71169939744782,25.434272197452103,120,-10.584892832951967
2026-07-10,82.18577995623784,15.04827395406418,121,0.37908789588465697
2026-07-11,92.36380567235229,24.293840061897612,122,-9.615443267602297
2026-07-12,89.99638139868289,20.33239515662036,123,-5.1649004017272
2026-07-13,80.63033761173084,26.91295996915626,124,-17.02706704925749
2026-07-14,70.56173270800294,16.394859597346983,125,-5.12675359493759
2026-07-15,76.71693398462365,23.823034004225857,126,-14.648651661267671
2026-07-16,83.54085536652167,22.214593348291857,127,-10.839404920438449
2026-07-17,85.83695549565368,24.63488288857841,128,-14.27646834838696
2026-07-18,76.44719213583005,15.972803917244525,129,-4.118951259061335
2026-07-19,73.4839018518206,23.69975681142197,130,-16.55821738810004
2026-07-20,90.87325591998248,23.422268819392855,131,-12.476847374755518
2026-07-21,94.61005451758881,23.409901416242562,132,-11.905068426203226
2026-07-22,83.14225455756714,24.052314998946823,133,-16.020659732098668
2026-07-23,74.29198214620759,25.147019058395433,134,-20.47282155074701
2026-07-24,76.80768316298422,27.074834995211546,135,-23.271076271343244
2026-07-25,70.45976691368666,19.047310801923217,136,-12.591914648837472
2026-07-26,92.85747016401248,27.375741152700932,137,-20.875802173165244
2026-07-27,72.94377707225352,22.473835233951803,138,-18.198514028993404
2026-07-28,84.41291188785634,16.155874187014966,139,-5.441762511101258
2026-07-29,76.85138051718015,15.878263938659687,140,-7.138848510847733
2026-07-30,83.85445006289484,20.013574780440912,141,-12.400396983102702
2026-07-31,86.28550970879661,26.773454656672016,142,-23.85831301072977
2026-08-01,90.74354509268004,25.615214021113736,143,-21.035610588595155
2026-08-02,75.16053179401509,26.829224470086096,144,-27.598663228838188
2026-08-03,70.27489571646201,22.75903584662414,145,-22.197239074775148
2026-08-04,73.42214075172018,21.602984969332358,146,-19.675787262956835
2026-08-05,92.50046604620263,17.21178790059426,147,-7.517108534775894
2026-08-06,91.84725193906289,19.922891304139675,148,-12.85224586463974
2026-08-07,84.93532755425771,21.510290492608128,149,-17.79176666946503
2026-08-08,85.01292151084134,16.32900644519426,150,-8.778200808615807
2026-08-09,86.62591686365639,18.30917929066817,151,-12.377775693020622
2026-08-10,74.38428196558624,23.973379410956085,152,-26.438122626032513
2026-08-11,92.860298648124,26.03494671358785,153,-26.13874577413648
2026-08-12,80.46926312230183,29.975212670894244,154,-36.87309621099866
2026-08-13,79.57846320623744,28.996699970153365,155,-35.93684675208586
2026-08-14,82.97294263207094,24.638477993027873,156,-27.39845245261619
2026-08-15,71.17414916937638,21.318720799411082,157,-24.27698904204932
2026-08-16,74.15708421890199,24.54266047062349,158,-30.154982782925682
2026-08-17,88.45084041065925,26.78477427120348,159,-31.5337246764181
2026-08-18,72.06996669812816,16.77504286385081,160,-15.877919651838564
2026-08-19,85.07880273665971,21.148573345444323,161,-21.959390250122667
2026-08-20,76.13372774203302,27.59703428453426,162,-37.88208353319601
2026-08-21,79.73239035104942,20.757494278995658,163,-23.231387697967627
2026-08-22,77.2173434192675,23.578084068407797,164,-30.206350559727408
2026-08-23,78.89181791162373,23.816540412932973,165,-30.977260695213534
2026-08-24,87.97614762960615,17.76714379700459,166,-16.028606427895806
2026-08-25,77.42804289057938,20.433531624784326,167,-24.826053553339555
2026-08-26,84.16011600742243,20.01766933112898,168,-22.531502828283738
2026-08-27,81.90126005497748,15.392950627980971,169,-13.044471615669483
2026-08-28,86.5917791340662,15.362876458370328,170,-12.367565443737272
2026-08-29,93.42074348311895,27.4754556551366,171,-38.114449962244436
2026-08-30,88.31430243025626,19.096062149592186,172,-20.905355481395382
2026-08-31,75.37350946476892,22.771181493582233,173,-32.923260424058604
2026-09-01,70.77957837653211,19.480883603831597,174,-26.97596358360518
2026-09-02,76.55660110749562,29.110188676730107,175,-48.191194538501286
2026-09-03,84.87694826750638,18.889451382986607,176,-22.68016138069109
2026-09-04,71.28564533710626,21.444852191084024,177,-32.79069827714848
2026-09-05,82.4091561800309,28.090953757269027,178,-46.061199899440695
2026-09-06,84.92107122292222,27.62900350187713,179,-45.02987668734848
2026-09-07,78.35609727042402,17.791521267694158,180,-23.32111947367293
2026-09-08,89.27280509364554,27.039649646935658,181,-43.61807918705478
2026-09-09,72.66495632834429,21.87280330106839,182,-35.58010293673191
2026-09-10,71.87844454339522,22.244533081280327,183,-37.12797711440977
2026-09-11,88.20471890509009,17.002199586239158,184,-20.286984917874392
2026-09-12,82.38728290515496,16.20902270635687,185,-20.097644527765194
2026-09-13,87.2100599106934,25.919089604606476,186,-44.07105790131424
2026-09-14,80.87068346509366,22.446917285329498,187,-37.17779046759691
2026-09-15,76.16005083097767,21.55276053922769,188,-36.5880592879595
2026-09-16,90.477557941855,25.94262342978595,189,-44.91370918668113
2026-09-17,89.98539697422449,26.482693484866644,190,-46.88271269707845
2026-09-18,87.36741177136066,17.383622515040305,191,-24.07606594472116
2026-09-19,76.80362843074907,24.15337724216462,192,-44.81479163646968
2026-09-20,84.75576667172717,17.030311234165282,193,-24.430142823635162
2026-09-21,79.02434742350067,26.270626290435686,194,-51.367726646250205
2026-09-22,72.28955183316586,24.854327344007093,195,-49.66308910796004
2026-09-23,92.93283938655607,29.34921931625187,196,-57.198909627613176
2026-09-24,73.42046577297404,16.034370245346317,197,-25.77150213539484
2026-09-25,93.75593384552006,15.855820817268814,198,-20.895627626518696
2026-09-26,81.1501443239489,19.232806120398003,199,-33.89156785714947
